Ref,Val,Package,PosX,PosY,Rot,Side
"D3","D","D_0805_2012Metric",131.190000,-127.537500,90.000000,bottom
"IC1","ATTINY402-SSNR","SOIC127P600X175-8N",154.070000,-129.355000,0.000000,bottom
"Q1","NPN","SOT-23-3",134.690000,-127.762500,-90.000000,bottom
"R1","1K","R_0603_1608Metric",136.345000,-123.870000,180.000000,bottom
"R6","1k","R_0603_1608Metric",152.680000,-135.490000,-90.000000,bottom
"R8","1k","R_0603_1608Metric",131.710000,-135.530000,90.000000,bottom
"U2","~","programming_pins_attiny402",142.530000,-123.930000,180.000000,bottom
"D1","status led","LED_0805_2012Metric_Pad1.15x1.40mm_HandSolder",150.420000,-135.570000,-90.000000,top
"D2","led power","LED_0805_2012Metric",134.590000,-135.410000,90.000000,top
"J2","interface connector","wafer con 2mm",142.531000,-135.295000,0.000000,top
"J3","Screw_Terminal_01x03","CUI_TB009-508-03BE",153.380000,-108.530000,-90.000000,top
"K1","SANYOU_SRD_Form_C","Relay_SPDT_SANYOU_SRD_Series_Form_C",128.150000,-113.660000,0.000000,top
