Ref,Val,Package,PosX,PosY,Rot,Side
"C1","100nf","C_1206_3216Metric_Pad1.33x1.80mm_HandSolder",133.900000,-122.520000,90.000000,bottom
"IC1","ATTINY402-SSNR","SOIC127P600X175-8N",114.940000,-123.320000,-90.000000,bottom
"R2","1K","R_1206_3216Metric",134.430000,-93.690000,-90.000000,bottom
"R3","1K","R_1206_3216Metric",114.900000,-93.770000,-90.000000,bottom
"REF**","programming_pins_attiny402","programming_pins_attiny402",111.710000,-111.390000,-90.000000,bottom
"edukit_mountinghole2","~","edukit_mountinghole",124.730000,-99.360000,0.000000,bottom
"IN-LED","RED","LED_1206_3216Metric_Pad1.42x1.75mm_HandSolder",117.590000,-93.742500,-90.000000,top
"J1","Conn_01x03_Pin","JST_EH_S3B-EH_1x03_P2.50mm_Horizontal",127.080000,-129.990000,180.000000,top
"OUT-LED","BLUE","LED_1206_3216Metric_Pad1.42x1.75mm_HandSolder",131.610000,-93.650000,-90.000000,top
"U4","~","JST_PH_S4B-PH-K_1x04_P2.00mm_Horizontal",127.630000,-94.140000,180.000000,top
