Ref,Val,Package,PosX,PosY,Rot,Side
"C2","100nF","C_0805_2012Metric",191.210000,-88.320000,0.000000,bottom
"C3","100nF","C_0805_2012Metric",174.260000,-82.170000,90.000000,bottom
"D1","LED","LED_0603_1608Metric",200.200000,-80.900000,90.000000,bottom
"IC1","ATTINY402-SSNR","SOIC127P600X175-8N",192.550000,-81.310000,180.000000,bottom
"R1","1K","R_0805_2012Metric_Pad1.20x1.40mm_HandSolder",191.370000,-90.780000,180.000000,bottom
"R2","10K","R_0805_2012Metric_Pad1.20x1.40mm_HandSolder",200.320000,-96.090000,180.000000,bottom
"R3","1K","R_1206_3216Metric",178.420000,-96.230000,180.000000,bottom
"R5","10K","R_0805_2012Metric_Pad1.20x1.40mm_HandSolder",176.330000,-82.110000,-90.000000,bottom
"REF**","programming_pins_attiny402","programming_pins_attiny402",182.350000,-78.250000,180.000000,bottom
"RV1","R_Potentiometer","Potentiometer_Bourns_3386P_Vertical",186.520000,-73.220000,90.000000,bottom
"U1","LM393D","SOIC127P599X175-8N",186.000000,-89.715000,90.000000,bottom
"edukit_mountinghole2","~","edukit_mountinghole",201.660000,-89.610000,-90.000000,bottom
"POWER","RED","LED_1206_3216Metric_Pad1.42x1.75mm_HandSolder",196.600000,-98.030000,90.000000,top
"Q2","SFH309","LED_D3.0mm_Clear",189.940000,-63.590000,0.000000,top
"STATUS","BLUE","LED_1206_3216Metric_Pad1.42x1.75mm_HandSolder",182.270000,-98.007500,90.000000,top
"U2","~","JST_PH_S4B-PH-K_1x04_P2.00mm_Horizontal",186.330000,-96.800000,0.000000,top
