Ref,Val,Package,PosX,PosY,Rot,Side
"IC1","ATTINY402-SSNR","SOIC127P600X175-8N",102.020000,-61.900000,0.000000,bottom
"Q2","BC847","SOT-23",105.890000,-52.522500,90.000000,bottom
"R1","1k","R_0603_1608Metric",120.020000,-44.770000,90.000000,bottom
"R2","1k","R_0603_1608Metric",101.900000,-45.195000,90.000000,bottom
"R3","100","R_0603_1608Metric",107.445000,-56.730000,0.000000,bottom
"R4","100","R_0603_1608Metric",111.280000,-53.340000,90.000000,bottom
"REF**","programming_pins_attiny402","programming_pins_attiny402",110.600000,-61.070000,180.000000,bottom
"edukit_mountinghole1","~","edukit_mountinghole",110.520000,-53.357000,-90.000000,bottom
"POWER","led power","LED_0805_2012Metric",118.050000,-44.730000,90.000000,top
"STATUS","status led","LED_0805_2012Metric_Pad1.15x1.40mm_HandSolder",103.950000,-44.840000,90.000000,top
"U1","rain sensor","water level",110.650000,-83.020000,0.000000,top
"U3","~","JST_PH_S4B-PH-K_1x04_P2.00mm_Horizontal",113.830000,-45.080000,180.000000,top
