Ref,Val,Package,PosX,PosY,Rot,Side
"C1","100nF","C_0805_2012Metric",114.180000,-93.810000,-90.000000,bottom
"C2","100nF","C_0805_2012Metric",127.430000,-79.450000,-90.000000,bottom
"D1","LED","LED_0603_1608Metric",110.130000,-79.487500,90.000000,bottom
"IC1","ATTINY402-SSNR","SOIC127P600X175-8N",123.710000,-101.140000,180.000000,bottom
"R1","10K","R_0805_2012Metric_Pad1.20x1.40mm_HandSolder",109.500000,-74.030000,0.000000,bottom
"R2","10K","R_0805_2012Metric_Pad1.20x1.40mm_HandSolder",108.660000,-83.440000,180.000000,bottom
"R3","1K","R_0805_2012Metric_Pad1.20x1.40mm_HandSolder",107.360000,-79.570000,-90.000000,bottom
"R4","1K","R_1206_3216Metric",106.972500,-111.730000,180.000000,bottom
"R5","100","R_0805_2012Metric_Pad1.20x1.40mm_HandSolder",126.410000,-74.700000,180.000000,bottom
"R6","1K","R_1206_3216Metric",130.552500,-109.490000,180.000000,bottom
"REF**","programming_pins_attiny402","programming_pins_attiny402",112.280000,-98.050000,180.000000,bottom
"RV1","R_Potentiometer","Potentiometer_Bourns_3386P_Vertical",115.590000,-80.080000,90.000000,bottom
"U1","LM393D","SOIC127P599X175-8N",116.860000,-88.315000,180.000000,bottom
"edukit_mountinghole2","~","edukit_mountinghole",130.470000,-92.533500,-90.000000,bottom
"D2","BLUE","LED_1206_3216Metric_Pad1.42x1.75mm_HandSolder",109.720000,-110.430000,-90.000000,top
"D3","RED","LED_1206_3216Metric_Pad1.42x1.75mm_HandSolder",126.810000,-110.517500,90.000000,top
"Q1","SFH309","LED_D3.0mm_Clear",113.750000,-71.140000,0.000000,top
"Q2","SFH309","LED_D3.0mm_Clear",119.590000,-71.260000,0.000000,top
"U3","~","JST_PH_S4B-PH-K_1x04_P2.00mm_Horizontal",114.700000,-107.900000,0.000000,top
