Ref,Val,Package,PosX,PosY,Rot,Side
"IC1","ATTINY402-SSNR","SOIC127P600X175-8N",109.140000,-76.825000,180.000000,bottom
"R1","1K","R_1206_3216Metric",118.900000,-122.462500,-90.000000,bottom
"R2","1K","R_1206_3216Metric",102.800000,-134.200000,90.000000,bottom
"U3","~","prog_pins",105.650000,-74.470000,180.000000,bottom
"edukit_mountinghole2","~","edukit_mountinghole",110.303500,-93.500000,0.000000,bottom
"D1","POWER","LED_1206_3216Metric",101.800000,-128.600000,-90.000000,top
"D1","STATUS","LED_1206_3216Metric",118.800000,-128.800000,90.000000,top
"U2","~","JST_PH_S4B-PH-K_1x04_P2.00mm_Horizontal",107.300000,-132.200000,0.000000,top
"U4","~","PinSocket_1x04_P1.00mm_Vertical",100.500000,-93.700000,0.000000,top
