Ref,Val,Package,PosX,PosY,Rot,Side
"IC1","ATTINY402-SSNR","SOIC127P600X175-8N",147.720000,-107.475000,180.000000,bottom
"R1","1K","R_1206_3216Metric",130.518393,-108.791107,180.000000,bottom
"R2","1K","R_1206_3216Metric",130.880893,-89.291107,0.000000,bottom
"U1","~","prog_pins",142.970000,-95.360000,180.000000,bottom
"edukit_mountinghole1","~","edukit_mountinghole",148.060000,-99.117000,-90.000000,bottom
"J3","interface connector","wafer con 2mm",127.940000,-99.100000,-90.000000,top
"POWER","LED","LED_1206_3216Metric",130.880893,-91.591107,0.000000,top
"STATUS","LED","LED_1206_3216Metric",130.480893,-106.391107,180.000000,top
"U2","LM35-LP","TO-92_Inline",167.270000,-97.850000,-90.000000,top
