Ref,Val,Package,PosX,PosY,Rot,Side
"C1","C_Polarized","CP_Elec_3x5.3",128.050000,-82.940000,0.000000,bottom
"C8","100nf","C_0805_2012Metric",129.286893,-97.776893,180.000000,bottom
"IC1","DRV8210PDSGR","SON50P200X200X80-9N",128.270893,-94.982893,0.000000,bottom
"IC2","ATTINY402-SSNR","SOIC127P600X175-8N",139.090000,-85.520000,0.000000,bottom
"R1","1K","R_1206_3216Metric",149.100000,-104.862500,-90.000000,bottom
"R2","1K","R_1206_3216Metric",129.600000,-104.500000,90.000000,bottom
"U2","~","prog_pins",135.190000,-98.870000,180.000000,bottom
"edukit_mountinghole1","~","edukit_mountinghole",119.841893,-95.236893,180.000000,bottom
"edukit_mountinghole2","~","edukit_mountinghole",157.941893,-95.236893,180.000000,bottom
"J2","Pump pins","JST_EH_B2B-EH-A_1x02_P2.50mm_Vertical",121.412893,-96.212893,90.000000,top
"J3","interface connector","wafer con 2mm",139.408893,-107.440893,0.000000,top
"POWER","LED","LED_1206_3216Metric",131.900000,-104.500000,90.000000,top
"STATUS","LED","LED_1206_3216Metric",146.700000,-104.900000,-90.000000,top
