Ref,Val,Package,PosX,PosY,Rot,Side
"C1","100nF","C_0805_2012Metric",143.900000,-71.000000,180.000000,bottom
"C2","100nF","C_0805_2012Metric",142.310000,-65.650000,0.000000,bottom
"D3","LED","LED_0603_1608Metric",151.250000,-59.087500,-90.000000,bottom
"IC1","ATTINY402-SSNR","SOIC127P600X175-8N",131.830000,-56.220000,0.000000,bottom
"R1","0","R_0805_2012Metric_Pad1.20x1.40mm_HandSolder",143.090000,-76.140000,180.000000,bottom
"R2","1K","R_1206_3216Metric",141.490000,-49.590000,90.000000,bottom
"R3","1K","R_1206_3216Metric",120.870000,-49.567500,90.000000,bottom
"R4","10K","R_0805_2012Metric_Pad1.20x1.40mm_HandSolder",143.890000,-68.780000,0.000000,bottom
"R5","0","R_0805_2012Metric_Pad1.20x1.40mm_HandSolder",122.520000,-77.140000,0.000000,bottom
"R6","1K","R_0805_2012Metric_Pad1.20x1.40mm_HandSolder",139.020000,-71.660000,0.000000,bottom
"REF**","programming_pins_attiny402","programming_pins_attiny402",131.460000,-64.010000,180.000000,bottom
"RV1","10K","Potentiometer_Bourns_3386P_Vertical",119.820000,-71.710000,180.000000,bottom
"U1","LM393D","SOIC127P599X175-8N",131.705000,-73.470000,180.000000,bottom
"edukit_mountinghole2","~","edukit_mountinghole",143.890000,-58.210000,-90.000000,bottom
"POWER","RED","LED_1206_3216Metric_Pad1.42x1.75mm_HandSolder",122.377500,-44.370000,180.000000,top
"STATUS","BLUE","LED_1206_3216Metric_Pad1.42x1.75mm_HandSolder",140.090000,-44.120000,0.000000,top
"U3","~","JST_PH_S4B-PH-K_1x04_P2.00mm_Horizontal",134.290000,-44.180000,180.000000,top
