Ref,Val,Package,PosX,PosY,Rot,Side
"D3","0.1 uF","D_1206_3216Metric",138.802500,-94.475000,0.000000,bottom
"D4","0.1uF","C_0805_2012Metric",132.105000,-113.115000,90.000000,bottom
"IC1","ATTINY402-SSNR","SOIC127P600X175-8N",138.600000,-114.110000,180.000000,bottom
"R1","1K","R_1206_3216Metric",149.375000,-119.105000,-90.000000,bottom
"R2","1K","R_1206_3216Metric",128.775000,-118.955000,-90.000000,bottom
"R3","2kohms","R_1206_3216Metric",138.832500,-97.825000,0.000000,bottom
"R4","5.1 Ohms","R_1206_3216Metric",138.630000,-85.590000,180.000000,bottom
"REF**","programming_pins_attiny402","programming_pins_attiny402",138.690000,-117.530000,180.000000,bottom
"U5","LM393D","lm393",138.482500,-89.675000,0.000000,bottom
"edukit_mountinghole2","~","edukit_mountinghole",138.738500,-79.295000,0.000000,bottom
"POWER","RED","LED_1206_3216Metric_Pad1.42x1.75mm_HandSolder",130.525000,-125.922500,90.000000,top
"STATUS","BLUE","LED_1206_3216Metric_Pad1.42x1.75mm_HandSolder",147.645000,-126.095000,90.000000,top
"U3","~","JST_PH_S4B-PH-K_1x04_P2.00mm_Horizontal",136.115000,-125.595000,0.000000,top
"U4","MQ-6","MQ-6",135.945000,-53.675000,0.000000,top
"VR1","3362P-1-104","TRIM_3362P-1-104",138.595000,-71.635000,90.000000,top
