Ref,Val,Package,PosX,PosY,Rot,Side
"IC1","ATTINY402-SSNR","SOIC127P600X175-8N",145.090000,-88.430000,-90.000000,bottom
"R1","1k","R_0603_1608Metric",154.750000,-71.760000,90.000000,bottom
"R2","1k","R_0603_1608Metric",135.320000,-71.140000,-90.000000,bottom
"REF**","programming_pins_attiny402","programming_pins_attiny402",150.840000,-88.310000,-90.000000,bottom
"edukit_mountinghole1","~","edukit_mountinghole",145.017000,-89.707000,0.000000,bottom
"J1","Conn_01x03_Pin","PinSocket_1x03_P2.54mm_Vertical",142.180000,-108.640000,90.000000,top
"POWER","POWER","LED_0805_2012Metric",152.490000,-71.650000,90.000000,top
"STATUS","status led","LED_0805_2012Metric_Pad1.15x1.40mm_HandSolder",137.440000,-71.342500,-90.000000,top
"U2","~","JST_PH_S4B-PH-K_1x04_P2.00mm_Horizontal",147.950000,-71.350000,180.000000,top
