Ref,Val,Package,PosX,PosY,Rot,Side
"IC1","ATTINY402-SSNR","SOIC127P600X175-8N",175.040000,-95.580000,180.000000,bottom
"R1","10K","RES_ERA8ARW103V",175.290000,-87.640000,180.000000,bottom
"R3","1K","R_1206_3216Metric",180.200000,-111.037500,90.000000,bottom
"R4","1K","R_1206_3216Metric",170.500000,-110.637500,-90.000000,bottom
"REF**","programming_pins_attiny402","programming_pins_attiny402",175.450000,-101.900000,180.000000,bottom
"edukit_mountinghole2","~","edukit_mountinghole",187.730000,-87.140000,-90.000000,bottom
"POWER","RED","LED_1206_3216Metric_Pad1.42x1.75mm_HandSolder",179.700000,-110.900000,90.000000,top
"R2","LDR07","R_LDR_5.1x4.3mm_P3.4mm_Vertical",173.580000,-78.140000,0.000000,top
"STATUS","BLUE","LED_1206_3216Metric_Pad1.42x1.75mm_HandSolder",170.700000,-110.587500,90.000000,top
"U3","~","JST_PH_S4B-PH-K_1x04_P2.00mm_Horizontal",172.010000,-116.860000,0.000000,top
