Ref,Val,Package,PosX,PosY,Rot,Side
"IC1","ATTINY402-SSNR","SOIC127P600X175-8N",131.700000,-100.315000,180.000000,bottom
"R1","1K","R_1206_3216Metric",126.030000,-99.980000,-90.000000,bottom
"R2","1K","R_1206_3216Metric",150.050000,-104.710000,180.000000,bottom
"R3","10k","R_1206_3216Metric",139.320000,-81.170000,0.000000,bottom
"REF**","programming_pins_attiny402","programming_pins_attiny402",142.280000,-97.250000,180.000000,bottom
"U1","LM393D","lm393",140.470000,-91.545000,180.000000,bottom
"VR1","3362P-1-104","TRIM_3362P-1-104",132.710000,-83.570000,-90.000000,bottom
"edukit_mountinghole2","~","edukit_mountinghole",152.360000,-92.423500,-90.000000,bottom
"POWER","RED","LED_1206_3216Metric_Pad1.42x1.75mm_HandSolder",146.390000,-106.017500,90.000000,top
"STATUS","BLUE","LED_1206_3216Metric_Pad1.42x1.75mm_HandSolder",132.440000,-106.017500,90.000000,top
"U4","~","JST_PH_S4B-PH-K_1x04_P2.00mm_Horizontal",136.430000,-105.040000,0.000000,top
"X1","SW-420","SW-420",140.100000,-78.460000,0.000000,top
